;ID WMO;:  96943
;NAMA STASIUN;:  Stasiun Klimatologi Jawa Timur
;LINTANG;:  -7.90080
;BUJUR;:  112.59790
;ELEVASI;:  590 Meter
;;
;;
TANGGAL;RR;
01/05/2025;0;
02/05/2025;0;
03/05/2025;0;
04/05/2025;0;
05/05/2025;0;
06/05/2025;0;
07/05/2025;0,8;
08/05/2025;31,6;
09/05/2025;9999;
10/05/2025;4,9;
11/05/2025;3,6;
12/05/2025;37,9;
13/05/2025;1,5;
14/05/2025;19,3;
15/05/2025;2,2;
16/05/2025;2,6;
17/05/2025;55,4;
18/05/2025;9999;
19/05/2025;0;
20/05/2025;23,4;
21/05/2025;5,5;
22/05/2025;0;
23/05/2025;0;
24/05/2025;0;
25/05/2025;0;
26/05/2025;0;
27/05/2025;1,1;
28/05/2025;0;
29/05/2025;0;
30/05/2025;0;
31/05/2025;0;
;;
;;
;;
KETERANGAN:;;
8888: Data tidak terukur;;
9999: Tidak Ada Data (tidak dilakukan pengukuran);;
RR: Curah hujan(mm);;
;;
;;
;;
;;
;;
;;
;;
;;
;;
;;
;;
;;
;;
;;
;;
;;
;;
;;
;;
;;
;;
;;
;;
;;
;;
;;
;;
;;
;;
;;
;;
;;
;;
;;
;;
;;
;;
;;
;;
;;
;;
;;
;;
;;
;;
;;
;;
;;
;;
;;
;;
;;
;;
;;
;;
;;
;;
;;
;;
;;
;;
;;
;;
;;
;;
;;
;;
;;
;;
;;
;;
;;
;;
;;
;;
;;
;;
;;
;;
;;
;;
;;
;;
;;
;;
;;
;;
;;
;;
;;
;;
;;
;;
;;
;;
;;
;;
;;
;;
;;
;;
;;
;;
;;
;;
;;
;;
;;
;;
;;
;;
;;
;;
;;
;;
;;
;;
;;
;;
;;
;;
;;
;;
;;
;;
;;
;;
;;
;;
;;
;;
;;
;;
;;
;;
;;
;;
;;
;;
;;
;;
;;
;;
;;
;;
;;
;;
;;
;;
;;
;;
;;
;;
;;
;;
;;
;;
;;
;;
;;
;;
;;
;;
;;
;;
;;
;;
;;
;;
;;
;;
;;
;;
;;
;;
;;
;;
;;
;;
;;
;;
;;
;;
;;
;;
;;
;;
;;
;;
;;
;;
;;
;;
;;
;;
;;
;;
;;
;;
;;
;;
;;
;;
;;
;;
;;
;;
;;
;;
;;
;;
;;
;;
;;
;;
;;
;;
;;
;;
;;
;;
;;
;;
;;
;;
;;
;;
;;
;;
;;
;;
;;
;;
;;
;;
;;
;;
;;
;;
;;
;;
;;
;;
;;
;;
;;
;;
;;
;;
;;
;;
;;
;;
;;
;;
;;
;;
;;
;;
;;
;;
;;
;;
;;
;;
;;
;;
;;
;;
;;
;;
;;
;;
;;
;;
;;
;;
;;
;;
;;
;;
;;
;;
;;
;;
;;
;;
;;
;;
;;
;;
;;
;;
;;
;;
;;
;;
;;
;;
;;
;;
;;
;;
;;
;;
;;
;;
;;
;;
;;
;;
;;
;;
;;
;;
;;
;;
;;
;;
;;
;;
;;
;;
;;
;;
;;
;;
